{"css":"","framework":"duck-10.1.0","title":"Βοήθεια για τις Σημειώσεις","build_id":"5791aca1094622515e5e71c3","quick_links":[],"icon":"..\/SharedGlobalArt\/AppIconDefault_Notes.png","sections":{"apdbc92ac84c":{"name":"Συγγραφή σημειώσεων","children":["not9474646a9","not95edd2813"]},"apd95c0009de":{"name":"Οργάνωση των σημειώσεών σας","children":["notc3b2d538b","not5585d71a8"]}},"birdseed_version":5,"toc":["not0da5d6ebe","not85d6f7b58","apdbc92ac84c","not28c5f5468","apd95c0009de","not18ab658ed","apda5307056b","not201900c07","apd46c25187e"],"locale":"el","version":"10.12","source_schema":"apd-schema","enable_tracking":false,"platform":"mac","build_date":"2016.07.22-02:25:42","landing":"notb058cadd2","product":"notes","urls":{},"copyright":"","show_previous_next":false,"topics":{"not9474646a9":{"name":"Συγγραφή και επεξεργασία σημειώσεων"},"not95edd2813":{"name":"Επισύναψη φωτογραφιών, συνδέσμων και άλλων"},"not18ab658ed":{"name":"Αναζήτηση σημειώσεων"},"not28c5f5468":{"name":"Κλείδωμα των σημειώσεών σας"},"notb058cadd2":{"name":"Βοήθεια για τις Σημειώσεις","href":"notb058cadd2.html","categories":["landing"]},"apd97da26aed":{"name":"Προτιμήσεις για τις Σημειώσεις"},"not0da5d6ebe":{"name":"Επισκόπηση των Σημειώσεων"},"not85d6f7b58":{"name":"Διαμόρφωση των λογαριασμών σημειώσεών σας"},"apdef7f74190":{"name":"Σήμανση συνημμένων"},"apda5307056b":{"name":"Κοινή χρήση σημειώσεων και προσθήκη ατόμων σε σημειώσεις"},"not76f984492":{"name":"Αναβάθμιση σημειώσεων iCloud","categories":["aside"]},"apd46c25187e":{"name":"Συντομεύσεις πληκτρολογίου"},"not201900c07":{"name":"Εισαγωγή ή εξαγωγή σημειώσεων"},"not5585d71a8":{"name":"Διαγραφή σημείωσης"},"notc3b2d538b":{"name":"Οργάνωση σημειώσεων σε φακέλους"},"notd8d219459":{"name":"Πληροφορίες για τον Καθορισμό συνθηματικού"},"apd2acf65a94":{"name":"επιλογή στοιχείων","categories":["aside"]},"apd9f13cff83":{"name":"σημειώσεις αποθηκευμένες στο Mac σας","categories":["aside"]}},"copyright_text":"Copyright © 2016 Apple Inc. Με επιφύλαξη κάθε δικαιώματος."}