{"css":"","framework":"duck-10.1.0","title":"Ajutor Notițe","build_id":"5791aca3094622515e5e71d8","quick_links":[],"icon":"..\/SharedGlobalArt\/AppIconDefault_Notes.png","sections":{"apdbc92ac84c":{"name":"Scrierea notițelor","children":["not9474646a9","not95edd2813"]},"apd95c0009de":{"name":"Organizarea notițelor dvs.","children":["notc3b2d538b","not5585d71a8"]}},"birdseed_version":5,"toc":["not0da5d6ebe","not85d6f7b58","apdbc92ac84c","not28c5f5468","apd95c0009de","not18ab658ed","apda5307056b","not201900c07","apd46c25187e"],"locale":"ro","version":"10.12","source_schema":"apd-schema","enable_tracking":false,"platform":"mac","build_date":"2016.07.22-02:36:43","landing":"notb058cadd2","product":"notes","urls":{},"copyright":"","show_previous_next":false,"topics":{"not9474646a9":{"name":"Scrierea și editarea notițelor"},"not95edd2813":{"name":"Atașați poze, linkuri și altele"},"not18ab658ed":{"name":"Căutarea notițelor"},"not28c5f5468":{"name":"Blocarea notițelor dvs."},"notb058cadd2":{"name":"Ajutor Notițe","href":"notb058cadd2.html","categories":["landing"]},"apd97da26aed":{"name":"Preferințe pentru Notițe"},"not0da5d6ebe":{"name":"Notițe - Privire de ansamblu"},"not85d6f7b58":{"name":"Configurarea conturilor dvs. de notițe"},"apdef7f74190":{"name":"Marcarea atașamentelor"},"apda5307056b":{"name":"Partajarea și adăugarea persoanelor la notițe"},"not76f984492":{"name":"Actualizați notele dvs. iCloud","categories":["aside"]},"apd46c25187e":{"name":"Scurtături din tastatură"},"not201900c07":{"name":"Importarea sau exportarea notițelor"},"not5585d71a8":{"name":"Ștergerea unei notițe"},"notc3b2d538b":{"name":"Organizarea notițelor în dosare"},"notd8d219459":{"name":"Despre configurarea parolei"},"apd2acf65a94":{"name":"selectare articole","categories":["aside"]},"apd9f13cff83":{"name":"notițe stocate pe Mac-ul dvs.","categories":["aside"]}},"copyright_text":"Copyright © 2016 Apple Inc. Toate drepturile rezervate."}