{"css":"","framework":"duck-10.1.0","title":"Aide Notes","build_id":"5791ac9d094622515e5e71a0","quick_links":[],"icon":"..\/SharedGlobalArt\/AppIconDefault_Notes.png","sections":{"apdbc92ac84c":{"name":"Rédiger des notes","children":["not9474646a9","not95edd2813"]},"apd95c0009de":{"name":"Organiser vos notes","children":["notc3b2d538b","not5585d71a8"]}},"birdseed_version":5,"toc":["not0da5d6ebe","not85d6f7b58","apdbc92ac84c","not28c5f5468","apd95c0009de","not18ab658ed","apda5307056b","not201900c07","apd46c25187e"],"locale":"fr","version":"10.12","source_schema":"apd-schema","enable_tracking":false,"platform":"mac","build_date":"2016.07.22-02:22:03","landing":"notb058cadd2","product":"notes","urls":{},"copyright":"","show_previous_next":false,"topics":{"not9474646a9":{"name":"Écrire et modifier des notes"},"not95edd2813":{"name":"Joindre des photos, des liens et plus encore"},"not18ab658ed":{"name":"Rechercher des notes"},"not28c5f5468":{"name":"Verrouiller vos notes"},"notb058cadd2":{"name":"Aide Notes","href":"notb058cadd2.html","categories":["landing"]},"apd97da26aed":{"name":"Préférences Notes"},"not0da5d6ebe":{"name":"Vue d’ensemble de Notes"},"not85d6f7b58":{"name":"Configurer vos comptes Notes"},"apdef7f74190":{"name":"Annoter des pièces jointes"},"apda5307056b":{"name":"Partager et ajouter des personnes à des notes"},"not76f984492":{"name":"Mettre à niveau vos notes iCloud","categories":["aside"]},"apd46c25187e":{"name":"Raccourcis clavier"},"not201900c07":{"name":"Importer ou exporter des notes"},"not5585d71a8":{"name":"Supprimer une note"},"notc3b2d538b":{"name":"Organiser les notes dans des dossiers"},"notd8d219459":{"name":"À propos de la configuration du mot de passe"},"apd2acf65a94":{"name":"choisir éléments","categories":["aside"]},"apd9f13cff83":{"name":"notes stockées sur votre Mac","categories":["aside"]}},"copyright_text":"Copyright © 2016 Apple Inc. Tous droits réservés."}