{"css":"","framework":"duck-10.1.0","title":"メモヘルプ","build_id":"5791ac96094622515e5e7161","quick_links":[],"icon":"..\/SharedGlobalArt\/AppIconDefault_Notes.png","sections":{"apdbc92ac84c":{"name":"メモを書く","children":["not9474646a9","not95edd2813"]},"apd95c0009de":{"name":"メモを整理する","children":["notc3b2d538b","not5585d71a8"]}},"birdseed_version":5,"toc":["not0da5d6ebe","not85d6f7b58","apdbc92ac84c","not28c5f5468","apd95c0009de","not18ab658ed","apda5307056b","not201900c07","apd46c25187e"],"locale":"ja","version":"10.12","source_schema":"apd-schema","enable_tracking":false,"platform":"mac","build_date":"2016.07.22-01:31:26","landing":"notb058cadd2","product":"notes","urls":{},"copyright":"","show_previous_next":false,"topics":{"not9474646a9":{"name":"メモを書く／編集する"},"not95edd2813":{"name":"写真、リンクなどを添付する"},"not18ab658ed":{"name":"メモを検索する"},"not28c5f5468":{"name":"メモをロックする"},"notb058cadd2":{"name":"メモヘルプ","href":"notb058cadd2.html","categories":["landing"]},"apd97da26aed":{"name":"「メモ」環境設定"},"not0da5d6ebe":{"name":"「メモ」の概要"},"not85d6f7b58":{"name":"メモアカウントを設定する"},"apdef7f74190":{"name":"添付ファイルをマークアップする"},"apda5307056b":{"name":"メモを共有する／メモにメンバーを追加する"},"not76f984492":{"name":"iCloud メモをアップグレードする","categories":["aside"]},"apd46c25187e":{"name":"キーボードショートカット"},"not201900c07":{"name":"メモを読み込む／書き出す"},"not5585d71a8":{"name":"メモを削除する"},"notc3b2d538b":{"name":"メモをフォルダに整理する"},"notd8d219459":{"name":"パスワードの設定について"},"apd2acf65a94":{"name":"項目を選択する","categories":["aside"]},"apd9f13cff83":{"name":"Mac 上に保存されているメモ","categories":["aside"]}},"copyright_text":"Copyright © 2016 Apple Inc.All rights reserved."}