{"css":"","framework":"duck-10.1.0","title":"Hjælp til Noter","build_id":"5791aca5094622515e5e71ed","quick_links":[],"icon":"..\/SharedGlobalArt\/AppIconDefault_Notes.png","sections":{"apdbc92ac84c":{"name":"Skriv noter","children":["not9474646a9","not95edd2813"]},"apd95c0009de":{"name":"Organiser dine noter","children":["notc3b2d538b","not5585d71a8"]}},"birdseed_version":5,"toc":["not0da5d6ebe","not85d6f7b58","apdbc92ac84c","not28c5f5468","apd95c0009de","not18ab658ed","apda5307056b","not201900c07","apd46c25187e"],"locale":"da","version":"10.12","source_schema":"apd-schema","enable_tracking":false,"platform":"mac","build_date":"2016.07.22-02:29:20","landing":"notb058cadd2","product":"notes","urls":{},"copyright":"","show_previous_next":false,"topics":{"not9474646a9":{"name":"Skriv og rediger noter"},"not95edd2813":{"name":"Vedlæg fotografier, links m.m."},"not18ab658ed":{"name":"Søg efter noter"},"not28c5f5468":{"name":"Lås dine noter"},"notb058cadd2":{"name":"Hjælp til Noter","href":"notb058cadd2.html","categories":["landing"]},"apd97da26aed":{"name":"Vinduet Noter"},"not0da5d6ebe":{"name":"Oversigt over Noter"},"not85d6f7b58":{"name":"Indstil konti til noter"},"apdef7f74190":{"name":"Marker bilag"},"apda5307056b":{"name":"Del og føj personer til noter"},"not76f984492":{"name":"Opgrader dine iCloud-noter","categories":["aside"]},"apd46c25187e":{"name":"Tastaturgenveje"},"not201900c07":{"name":"Importer eller eksporter noter"},"not5585d71a8":{"name":"Slet en seddel"},"notc3b2d538b":{"name":"Organiser noter i mapper"},"notd8d219459":{"name":"Om indstilling af adgangskoden"},"apd2acf65a94":{"name":"vælg emner","categories":["aside"]},"apd9f13cff83":{"name":"noter opbevaret på din Mac","categories":["aside"]}},"copyright_text":"Copyright © 2016 Apple Inc. Alle rettigheder forbeholdes."}