{"css":"","framework":"duck-10.1.0","title":"Nápověda pro Poznámky","build_id":"5791aca4094622515e5e71e6","quick_links":[],"icon":"..\/SharedGlobalArt\/AppIconDefault_Notes.png","sections":{"apdbc92ac84c":{"name":"Psaní poznámek","children":["not9474646a9","not95edd2813"]},"apd95c0009de":{"name":"Uspořádání poznámek","children":["notc3b2d538b","not5585d71a8"]}},"birdseed_version":5,"toc":["not0da5d6ebe","not85d6f7b58","apdbc92ac84c","not28c5f5468","apd95c0009de","not18ab658ed","apda5307056b","not201900c07","apd46c25187e"],"locale":"cs","version":"10.12","source_schema":"apd-schema","enable_tracking":false,"platform":"mac","build_date":"2016.07.22-01:42:19","landing":"notb058cadd2","product":"notes","urls":{},"copyright":"","show_previous_next":false,"topics":{"not9474646a9":{"name":"Psaní a úpravy poznámek"},"not95edd2813":{"name":"Připojování fotografií, odkazů apod."},"not18ab658ed":{"name":"Hledání poznámek"},"not28c5f5468":{"name":"Zamykání poznámek"},"notb058cadd2":{"name":"Nápověda pro Poznámky","href":"notb058cadd2.html","categories":["landing"]},"apd97da26aed":{"name":"Předvolby poznámek"},"not0da5d6ebe":{"name":"Přehled aplikace Poznámky"},"not85d6f7b58":{"name":"Nastavení vašich poznámkových účtů"},"apdef7f74190":{"name":"Připojování anotací k přílohám"},"apda5307056b":{"name":"Sdílení poznámek a přidávání osob"},"not76f984492":{"name":"Upgrade poznámek na iCloudu","categories":["aside"]},"apd46c25187e":{"name":"Klávesové zkratky"},"not201900c07":{"name":"Import a export poznámek"},"not5585d71a8":{"name":"Smazání poznámky"},"notc3b2d538b":{"name":"Uspořádání poznámek ve složkách"},"notd8d219459":{"name":"O nastavení hesla"},"apd2acf65a94":{"name":"výběr položek","categories":["aside"]},"apd9f13cff83":{"name":"poznámky uložené na vašem Macu","categories":["aside"]}},"copyright_text":"Copyright © 2016 Apple Inc. Všechna práva vyhrazena."}