{"css":"","framework":"duck-10.1.0","title":"Pomoc Notatek","build_id":"5794f208094622486d895ce8","quick_links":[],"icon":"..\/SharedGlobalArt\/AppIconDefault_Notes.png","sections":{"apdbc92ac84c":{"name":"Pisanie notatek","children":["not9474646a9","not95edd2813"]},"apd95c0009de":{"name":"Porządkowanie notatek","children":["notc3b2d538b","not5585d71a8"]}},"birdseed_version":5,"toc":["not0da5d6ebe","not85d6f7b58","apdbc92ac84c","not28c5f5468","apd95c0009de","not18ab658ed","apda5307056b","not201900c07","apd46c25187e"],"locale":"pl","version":"10.12","source_schema":"apd-schema","enable_tracking":false,"platform":"mac","build_date":"2016.07.24-09:57:44","landing":"notb058cadd2","product":"notes","urls":{},"copyright":"","show_previous_next":false,"topics":{"not9474646a9":{"name":"Pisanie i edytowanie notatek"},"not95edd2813":{"name":"Dołączanie zdjęć, łączy i innych rzeczy"},"not18ab658ed":{"name":"Wyszukiwanie notatek"},"not28c5f5468":{"name":"Blokowanie notatek"},"notb058cadd2":{"name":"Pomoc Notatek","href":"notb058cadd2.html","categories":["landing"]},"apd97da26aed":{"name":"Preferencje Notatek"},"not0da5d6ebe":{"name":"Notatki — omówienie"},"not85d6f7b58":{"name":"Konfigurowanie kont Notatek"},"apdef7f74190":{"name":"Oznaczanie załączników"},"apda5307056b":{"name":"Udostępnianie i dodawanie osób do notatek"},"not76f984492":{"name":"Konwertowanie notatek iCloud","categories":["aside"]},"apd46c25187e":{"name":"Skróty klawiszowe"},"not201900c07":{"name":"Importowanie lub eksportowanie notatek"},"not5585d71a8":{"name":"Usuwanie notatki"},"notc3b2d538b":{"name":"Organizowanie notatek w katalogach"},"notd8d219459":{"name":"Informacje o ustawianiu hasła"},"apd2acf65a94":{"name":"zaznacz rzeczy","categories":["aside"]},"apd9f13cff83":{"name":"notatki przechowywane na Macu","categories":["aside"]}},"copyright_text":"Copyright © 2016 Apple Inc. Wszystkie prawa zastrzeżone."}