{"css":"","framework":"duck-10.1.0","title":"Справка Заметок","build_id":"5791aca7094622515e5e7202","quick_links":[],"icon":"..\/SharedGlobalArt\/AppIconDefault_Notes.png","sections":{"apdbc92ac84c":{"name":"Создание заметок","children":["not9474646a9","not95edd2813"]},"apd95c0009de":{"name":"Систематизация заметок","children":["notc3b2d538b","not5585d71a8"]}},"birdseed_version":5,"toc":["not0da5d6ebe","not85d6f7b58","apdbc92ac84c","not28c5f5468","apd95c0009de","not18ab658ed","apda5307056b","not201900c07","apd46c25187e"],"locale":"ru","version":"10.12","source_schema":"apd-schema","enable_tracking":false,"platform":"mac","build_date":"2016.07.22-02:32:11","landing":"notb058cadd2","product":"notes","urls":{},"copyright":"","show_previous_next":false,"topics":{"not9474646a9":{"name":"Создание и редактирование заметок"},"not95edd2813":{"name":"Вложение фотографий, ссылок и других данных"},"not18ab658ed":{"name":"Поиск заметок"},"not28c5f5468":{"name":"Блокирование заметок"},"notb058cadd2":{"name":"Справка Заметок","href":"notb058cadd2.html","categories":["landing"]},"apd97da26aed":{"name":"Настройки заметок"},"not0da5d6ebe":{"name":"Общие сведения о программе «Заметки»"},"not85d6f7b58":{"name":"Настройка учетных записей для заметок"},"apdef7f74190":{"name":"Разметка вложений"},"apda5307056b":{"name":"Общий доступ и добавление пользователей в заметки"},"not76f984492":{"name":"Обновите свои Заметки iCloud","categories":["aside"]},"apd46c25187e":{"name":"Сочетания клавиш"},"not201900c07":{"name":"Импорт и экспорт заметок"},"not5585d71a8":{"name":"Удаление заметки"},"notc3b2d538b":{"name":"Упорядочивание заметок по папкам"},"notd8d219459":{"name":"Об установке пароля"},"apd2acf65a94":{"name":"выбор объектов","categories":["aside"]},"apd9f13cff83":{"name":"заметки, хранящиеся на Mac","categories":["aside"]}},"copyright_text":"Copyright © 2016 Apple Inc. Все права защищены."}