{"css":"","framework":"duck-10.1.0","title":"Aiuto Note","build_id":"5791ac99094622515e5e7176","quick_links":[],"icon":"..\/SharedGlobalArt\/AppIconDefault_Notes.png","sections":{"apdbc92ac84c":{"name":"Scrivere le note","children":["not9474646a9","not95edd2813"]},"apd95c0009de":{"name":"Organizzare le note","children":["notc3b2d538b","not5585d71a8"]}},"birdseed_version":5,"toc":["not0da5d6ebe","not85d6f7b58","apdbc92ac84c","not28c5f5468","apd95c0009de","not18ab658ed","apda5307056b","not201900c07","apd46c25187e"],"locale":"it","version":"10.12","source_schema":"apd-schema","enable_tracking":false,"platform":"mac","build_date":"2016.07.22-02:18:23","landing":"notb058cadd2","product":"notes","urls":{},"copyright":"","show_previous_next":false,"topics":{"not9474646a9":{"name":"Scrivere e modificare le note"},"not95edd2813":{"name":"Allegare foto, link e altro ancora"},"not18ab658ed":{"name":"Cercare le note"},"not28c5f5468":{"name":"Proteggere le note"},"notb058cadd2":{"name":"Aiuto Note","href":"notb058cadd2.html","categories":["landing"]},"apd97da26aed":{"name":"Preferenze Note"},"not0da5d6ebe":{"name":"Panoramica su Note"},"not85d6f7b58":{"name":"Configurare account di Note"},"apdef7f74190":{"name":"Evidenziare gli allegati"},"apda5307056b":{"name":"Condividere le note e aggiungere persone"},"not76f984492":{"name":"Aggiornare le note di iCloud","categories":["aside"]},"apd46c25187e":{"name":"Abbreviazioni da tastiera"},"not201900c07":{"name":"Importare o esportare le note"},"not5585d71a8":{"name":"Eliminare una nota"},"notc3b2d538b":{"name":"Organizzare le note in cartelle"},"notd8d219459":{"name":"Informazioni su Impostazione Password"},"apd2acf65a94":{"name":"Selezionare elementi","categories":["aside"]},"apd9f13cff83":{"name":"Note salvate sul Mac","categories":["aside"]}},"copyright_text":"Copyright © 2016 Apple Inc. Tutti i diritti riservati."}