{"css":"","framework":"duck-10.1.0","title":"備忘錄輔助說明","build_id":"5791ac97094622515e5e7168","quick_links":[],"icon":"..\/SharedGlobalArt\/AppIconDefault_Notes.png","sections":{"apdbc92ac84c":{"name":"編寫備忘錄","children":["not9474646a9","not95edd2813"]},"apd95c0009de":{"name":"整理備忘錄","children":["notc3b2d538b","not5585d71a8"]}},"birdseed_version":5,"toc":["not0da5d6ebe","not85d6f7b58","apdbc92ac84c","not28c5f5468","apd95c0009de","not18ab658ed","apda5307056b","not201900c07","apd46c25187e"],"locale":"zh-tw","version":"10.12","source_schema":"apd-schema","enable_tracking":false,"platform":"mac","build_date":"2016.07.22-02:17:35","landing":"notb058cadd2","product":"notes","urls":{},"copyright":"","show_previous_next":false,"topics":{"not9474646a9":{"name":"編寫和編輯備忘錄"},"not95edd2813":{"name":"附加照片、連結及其他項目"},"not18ab658ed":{"name":"搜尋備忘錄"},"not28c5f5468":{"name":"替備忘錄上鎖"},"notb058cadd2":{"name":"備忘錄輔助說明","href":"notb058cadd2.html","categories":["landing"]},"apd97da26aed":{"name":"「備忘錄」偏好設定"},"not0da5d6ebe":{"name":"「備忘錄」概覽"},"not85d6f7b58":{"name":"設定您的備忘錄帳號"},"apdef7f74190":{"name":"標示附件"},"apda5307056b":{"name":"共享備忘錄或加入人員"},"not76f984492":{"name":"升級 iCloud 備忘錄","categories":["aside"]},"apd46c25187e":{"name":"鍵盤快速鍵"},"not201900c07":{"name":"輸入或輸出備忘錄"},"not5585d71a8":{"name":"刪除備忘錄"},"notc3b2d538b":{"name":"將備忘錄整理到檔案夾中"},"notd8d219459":{"name":"關於設定密碼"},"apd2acf65a94":{"name":"選取項目","categories":["aside"]},"apd9f13cff83":{"name":"儲存在 Mac 上的備忘錄","categories":["aside"]}},"copyright_text":"Copyright © 2016 Apple Inc.保留一切權利。"}