{"css":"","framework":"duck-10.1.0","title":"วิธีใช้โน้ต","build_id":"579f98d3094622ef28be5dcc","quick_links":[],"icon":"..\/SharedGlobalArt\/AppIconDefault_Notes.png","sections":{"apdbc92ac84c":{"name":"การเขียนโน้ต","children":["not9474646a9","not95edd2813"]},"apd95c0009de":{"name":"จัดระเบียบโน้ตของคุณ","children":["notc3b2d538b","not5585d71a8"]}},"birdseed_version":5,"toc":["not0da5d6ebe","not85d6f7b58","apdbc92ac84c","not28c5f5468","apd95c0009de","not18ab658ed","apda5307056b","not201900c07","apd46c25187e"],"locale":"th","version":"10.12","source_schema":"apd-schema","enable_tracking":false,"platform":"mac","build_date":"2016.08.01-12:05:22","landing":"notb058cadd2","product":"notes","urls":{},"copyright":"","show_previous_next":false,"topics":{"not9474646a9":{"name":"เขียนและแก้ไขโน้ต"},"not95edd2813":{"name":"การแนบรูปภาพ ลิงก์ และอื่นๆ"},"not18ab658ed":{"name":"การค้นหาโน้ต"},"not28c5f5468":{"name":"ล็อคโน้ตของคุณ"},"notb058cadd2":{"name":"วิธีใช้โน้ต","href":"notb058cadd2.html","categories":["landing"]},"apd97da26aed":{"name":"การตั้งค่าโน้ต"},"not0da5d6ebe":{"name":"ภาพรวมแอพโน้ต"},"not85d6f7b58":{"name":"ตั้งค่าบัญชีโน้ตของคุณ"},"apdef7f74190":{"name":"การทำเครื่องหมายไฟล์แนบ"},"apda5307056b":{"name":"แชร์และเพิ่มผู้คนลงในโน้ต"},"not76f984492":{"name":"การอัพเกรดโน้ต iCloud","categories":["aside"]},"apd46c25187e":{"name":"ปุ่มลัดแป้นพิมพ์"},"not201900c07":{"name":"นำเข้าหรือส่งออกโน้ต"},"not5585d71a8":{"name":"การลบโน้ต"},"notc3b2d538b":{"name":"การจัดระเบียบโน้ตลงในโฟลเดอร์"},"notd8d219459":{"name":"เกี่ยวกับการตั้งค่ารหัสผ่าน"},"apd2acf65a94":{"name":"เลือกรายการ","categories":["aside"]},"apd9f13cff83":{"name":"โน้ตที่จัดเก็บไว้ใน Mac ของคุณ","categories":["aside"]}},"copyright_text":"ลิขสิทธิ์ © 2016 Apple Inc.สงวนลิขสิทธิ์"}