{"css":"","framework":"duck-10.1.0","title":"Ajuda Notes","build_id":"5791ac9a094622515e5e7184","quick_links":[],"icon":"..\/SharedGlobalArt\/AppIconDefault_Notes.png","sections":{"apdbc92ac84c":{"name":"Escriure notes","children":["not9474646a9","not95edd2813"]},"apd95c0009de":{"name":"Organitzar les notes","children":["notc3b2d538b","not5585d71a8"]}},"birdseed_version":5,"toc":["not0da5d6ebe","not85d6f7b58","apdbc92ac84c","not28c5f5468","apd95c0009de","not18ab658ed","apda5307056b","not201900c07","apd46c25187e"],"locale":"ca","version":"10.12","source_schema":"apd-schema","enable_tracking":false,"platform":"mac","build_date":"2016.07.22-02:33:22","landing":"notb058cadd2","product":"notes","urls":{},"copyright":"","show_previous_next":false,"topics":{"not9474646a9":{"name":"Escriure i editar notes"},"not95edd2813":{"name":"Afegir fotos, enllaços i altres"},"not18ab658ed":{"name":"Buscar notes"},"not28c5f5468":{"name":"Bloquejar les notes"},"notb058cadd2":{"name":"Ajuda Notes","href":"notb058cadd2.html","categories":["landing"]},"apd97da26aed":{"name":"Preferències de Notes"},"not0da5d6ebe":{"name":"Visió general de Notes"},"not85d6f7b58":{"name":"Configurar els comptes de notes"},"apdef7f74190":{"name":"Marcar arxius adjunts"},"apda5307056b":{"name":"Compartir i afegir persones a les notes"},"not76f984492":{"name":"Actualitzar les notes de l’iCloud","categories":["aside"]},"apd46c25187e":{"name":"Dreceres de teclat"},"not201900c07":{"name":"Importar o exportar notes"},"not5585d71a8":{"name":"Eliminar notes"},"notc3b2d538b":{"name":"Organitzar les notes en carpetes"},"notd8d219459":{"name":"Informació sobre com definir la contrasenya"},"apd2acf65a94":{"name":"seleccionar ítems","categories":["aside"]},"apd9f13cff83":{"name":"notes desades al Mac","categories":["aside"]}},"copyright_text":"Copyright © 2016 Apple Inc. Tots els drets reservats."}