{"css":"","framework":"duck-10.1.0","title":"Anteckningar Hjälp","build_id":"5794f206094622486d895cda","quick_links":[],"icon":"..\/SharedGlobalArt\/AppIconDefault_Notes.png","sections":{"apdbc92ac84c":{"name":"Skriva anteckningar","children":["not9474646a9","not95edd2813"]},"apd95c0009de":{"name":"Ordna anteckningar","children":["notc3b2d538b","not5585d71a8"]}},"birdseed_version":5,"toc":["not0da5d6ebe","not85d6f7b58","apdbc92ac84c","not28c5f5468","apd95c0009de","not18ab658ed","apda5307056b","not201900c07","apd46c25187e"],"locale":"sv","version":"10.12","source_schema":"apd-schema","enable_tracking":false,"platform":"mac","build_date":"2016.07.24-10:04:25","landing":"notb058cadd2","product":"notes","urls":{},"copyright":"","show_previous_next":false,"topics":{"not9474646a9":{"name":"Skriva och redigera anteckningar"},"not95edd2813":{"name":"Bifoga bilder, länkar och annat"},"not18ab658ed":{"name":"Söka efter anteckningar"},"not28c5f5468":{"name":"Låsa anteckningar"},"notb058cadd2":{"name":"Anteckningar Hjälp","href":"notb058cadd2.html","categories":["landing"]},"apd97da26aed":{"name":"Inställningar i Anteckningar"},"not0da5d6ebe":{"name":"Anteckningar i översikt"},"not85d6f7b58":{"name":"Ställa in ditt konto i Anteckningar"},"apdef7f74190":{"name":"Märk bilagor"},"apda5307056b":{"name":"Dela och lägg till personer i anteckningar"},"not76f984492":{"name":"Uppgradera dina iCloud-anteckningar","categories":["aside"]},"apd46c25187e":{"name":"Kortkommandon"},"not201900c07":{"name":"Importera eller exportera anteckningar"},"not5585d71a8":{"name":"Radera en anteckning"},"notc3b2d538b":{"name":"Ordna anteckningar i mappar"},"notd8d219459":{"name":"Om att ställa in lösenord"},"apd2acf65a94":{"name":"markera objekt","categories":["aside"]},"apd9f13cff83":{"name":"anteckningar som lagras på datorn","categories":["aside"]}},"copyright_text":"Copyright © 2016 Apple Inc. Alla rättigheter förbehålls."}