{"css":"","framework":"duck-10.1.0","title":"Довідка Нотаток","build_id":"5791ac9b094622515e5e718b","quick_links":[],"icon":"..\/SharedGlobalArt\/AppIconDefault_Notes.png","sections":{"apdbc92ac84c":{"name":"Створення вмісту нотаток","children":["not9474646a9","not95edd2813"]},"apd95c0009de":{"name":"Упорядкування нотаток","children":["notc3b2d538b","not5585d71a8"]}},"birdseed_version":5,"toc":["not0da5d6ebe","not85d6f7b58","apdbc92ac84c","not28c5f5468","apd95c0009de","not18ab658ed","apda5307056b","not201900c07","apd46c25187e"],"locale":"uk","version":"10.12","source_schema":"apd-schema","enable_tracking":false,"platform":"mac","build_date":"2016.07.22-02:29:27","landing":"notb058cadd2","product":"notes","urls":{},"copyright":"","show_previous_next":false,"topics":{"not9474646a9":{"name":"Створення та змінення нотаток"},"not95edd2813":{"name":"Додавання фотографій, посилань тощо"},"not18ab658ed":{"name":"Пошук нотаток"},"not28c5f5468":{"name":"Блокування нотаток"},"notb058cadd2":{"name":"Довідка Нотаток","href":"notb058cadd2.html","categories":["landing"]},"apd97da26aed":{"name":"Параметри нотаток"},"not0da5d6ebe":{"name":"Огляд програми «Нотатки»"},"not85d6f7b58":{"name":"Настроювання облікових записів для нотаток"},"apdef7f74190":{"name":"Позначення прикріплень"},"apda5307056b":{"name":"Спільний доступ і додавання людей до нотаток"},"not76f984492":{"name":"Оновлення Нотаток iCloud","categories":["aside"]},"apd46c25187e":{"name":"Клавіатурні скорочення"},"not201900c07":{"name":"Імпортування чи експортування нотаток"},"not5585d71a8":{"name":"Видалення нотатки"},"notc3b2d538b":{"name":"Упорядкування нотаток у папки"},"notd8d219459":{"name":"Про встановлення пароля"},"apd2acf65a94":{"name":"виберіть елементи","categories":["aside"]},"apd9f13cff83":{"name":"нотатки, збережені на комп’ютері Mac","categories":["aside"]}},"copyright_text":"© 2016, Apple Inc. Всі права захищені."}