{"css":"","framework":"duck-10.1.0","title":"Trợ giúp Ghi chú","build_id":"5791aca7094622515e5e71fb","quick_links":[],"icon":"..\/SharedGlobalArt\/AppIconDefault_Notes.png","sections":{"apdbc92ac84c":{"name":"Viết ghi chú","children":["not9474646a9","not95edd2813"]},"apd95c0009de":{"name":"Sắp xếp ghi chú của bạn","children":["notc3b2d538b","not5585d71a8"]}},"birdseed_version":5,"toc":["not0da5d6ebe","not85d6f7b58","apdbc92ac84c","not28c5f5468","apd95c0009de","not18ab658ed","apda5307056b","not201900c07","apd46c25187e"],"locale":"vi","version":"10.12","source_schema":"apd-schema","enable_tracking":false,"platform":"mac","build_date":"2016.07.22-02:40:23","landing":"notb058cadd2","product":"notes","urls":{},"copyright":"","show_previous_next":false,"topics":{"not9474646a9":{"name":"Viết và sửa ghi chú"},"not95edd2813":{"name":"Đính kèm ảnh, liên kết và nhiều nội dung khác"},"not18ab658ed":{"name":"Tìm kiếm ghi chú"},"not28c5f5468":{"name":"Khóa ghi chú của bạn"},"notb058cadd2":{"name":"Trợ giúp Ghi chú","href":"notb058cadd2.html","categories":["landing"]},"apd97da26aed":{"name":"Tùy chọn Ghi chú"},"not0da5d6ebe":{"name":"Tổng quan về Ghi chú"},"not85d6f7b58":{"name":"Thiết lập tài khoản ghi chú của bạn"},"apdef7f74190":{"name":"Đánh dấu tệp đính kèm"},"apda5307056b":{"name":"Chia sẻ và thêm mọi người vào ghi chú"},"not76f984492":{"name":"Nâng cấp ghi chú iCloud của bạn","categories":["aside"]},"apd46c25187e":{"name":"Phím tắt trên bàn phím"},"not201900c07":{"name":"Nhập hoặc xuất ghi chú"},"not5585d71a8":{"name":"Xóa ghi chú"},"notc3b2d538b":{"name":"Sắp xếp ghi chú vào các thư mục"},"notd8d219459":{"name":"Giới thiệu về Đặt Mật khẩu"},"apd2acf65a94":{"name":"chọn mục","categories":["aside"]},"apd9f13cff83":{"name":"ghi chú được lưu trữ trên máy Mac của bạn","categories":["aside"]}},"copyright_text":"Bản quyền © 2016 Apple Inc. Mọi quyền được bảo lưu."}