{"css":"","framework":"duck-10.1.0","title":"Notities Help","build_id":"5791acaa094622515e5e7217","quick_links":[],"icon":"..\/SharedGlobalArt\/AppIconDefault_Notes.png","sections":{"apdbc92ac84c":{"name":"Notities schrijven","children":["not9474646a9","not95edd2813"]},"apd95c0009de":{"name":"Uw notities ordenen","children":["notc3b2d538b","not5585d71a8"]}},"birdseed_version":5,"toc":["not0da5d6ebe","not85d6f7b58","apdbc92ac84c","not28c5f5468","apd95c0009de","not18ab658ed","apda5307056b","not201900c07","apd46c25187e"],"locale":"nl","version":"10.12","source_schema":"apd-schema","enable_tracking":false,"platform":"mac","build_date":"2016.07.22-02:47:52","landing":"notb058cadd2","product":"notes","urls":{},"copyright":"","show_previous_next":false,"topics":{"not9474646a9":{"name":"Notities schrijven en wijzigen"},"not95edd2813":{"name":"Foto's, koppelingen en meer bijvoegen"},"not18ab658ed":{"name":"Notities zoeken"},"not28c5f5468":{"name":"Uw notities vergrendelen"},"notb058cadd2":{"name":"Notities Help","href":"notb058cadd2.html","categories":["landing"]},"apd97da26aed":{"name":"Notities-voorkeuren"},"not0da5d6ebe":{"name":"Overzicht van Notities"},"not85d6f7b58":{"name":"Uw Notities-account configureren"},"apdef7f74190":{"name":"Bijlagen annoteren"},"apda5307056b":{"name":"Delen en personen toevoegen aan notities"},"not76f984492":{"name":"iCloud-notities bijwerken","categories":["aside"]},"apd46c25187e":{"name":"Toetscombinaties"},"not201900c07":{"name":"Notities importeren of exporteren"},"not5585d71a8":{"name":"Een notitie verwijderen"},"notc3b2d538b":{"name":"Notities in mappen ordenen"},"notd8d219459":{"name":"Over het instellen van het wachtwoord"},"apd2acf65a94":{"name":"onderdelen selecteren","categories":["aside"]},"apd9f13cff83":{"name":"notities bewaard op uw Mac","categories":["aside"]}},"copyright_text":"Copyright © 2016 Apple Inc. Alle rechten voorbehouden."}