{"css":"","framework":"duck-10.1.0","title":"مساعدة الملاحظات","build_id":"5791ac9c094622515e5e7192","quick_links":[],"icon":"..\/SharedGlobalArt\/AppIconDefault_Notes.png","sections":{"apdbc92ac84c":{"name":"كتابة الملاحظات","children":["not9474646a9","not95edd2813"]},"apd95c0009de":{"name":"تنظيم ملاحظاتك","children":["notc3b2d538b","not5585d71a8"]}},"birdseed_version":5,"toc":["not0da5d6ebe","not85d6f7b58","apdbc92ac84c","not28c5f5468","apd95c0009de","not18ab658ed","apda5307056b","not201900c07","apd46c25187e"],"locale":"ar","version":"10.12","source_schema":"apd-schema","enable_tracking":false,"platform":"mac","build_date":"2016.07.22-02:21:13","landing":"notb058cadd2","product":"notes","urls":{},"copyright":"","show_previous_next":false,"topics":{"not9474646a9":{"name":"كتابة الملاحظات وتحريرها"},"not95edd2813":{"name":"إرفاق الصور، الروابط، والمزيد"},"not18ab658ed":{"name":"البحث عن ملاحظات"},"not28c5f5468":{"name":"قفل ملاحظاتك"},"notb058cadd2":{"name":"مساعدة الملاحظات","href":"notb058cadd2.html","categories":["landing"]},"apd97da26aed":{"name":"تفضيلات الملاحظات"},"not0da5d6ebe":{"name":"عرض عام لتطبيق الملاحظات"},"not85d6f7b58":{"name":"إعداد حسابات الملاحظات الخاصة بك"},"apdef7f74190":{"name":"توصيف المرفقات"},"apda5307056b":{"name":"مشاركة أو إضافة أشخاص إلى الملاحظات"},"not76f984492":{"name":"ترقية ملاحظات iCloud","categories":["aside"]},"apd46c25187e":{"name":"اختصارات لوحة المفاتيح"},"not201900c07":{"name":"استيراد الملاحظات أو تصديرها"},"not5585d71a8":{"name":"حذف ملاحظة"},"notc3b2d538b":{"name":"تنظيم الملاحظات في مجلدات"},"notd8d219459":{"name":"حول تعيين كلمة السر"},"apd2acf65a94":{"name":"تحديد العناصر","categories":["aside"]},"apd9f13cff83":{"name":"الملاحظات المخزنة على الـ Mac الخاص بك","categories":["aside"]}},"copyright_text":"‏‎Copyright © 2016 Apple Inc.‎ كافة الحقوق محفوظة."}