{"css":"","framework":"duck-10.1.0","title":"עזרה בנושא ״פתקים״","build_id":"5791ac9f094622515e5e71b5","quick_links":[],"icon":"..\/SharedGlobalArt\/AppIconDefault_Notes.png","sections":{"apdbc92ac84c":{"name":"כתיבת פתקים","children":["not9474646a9","not95edd2813"]},"apd95c0009de":{"name":"סידור הפתקים שלך","children":["notc3b2d538b","not5585d71a8"]}},"birdseed_version":5,"toc":["not0da5d6ebe","not85d6f7b58","apdbc92ac84c","not28c5f5468","apd95c0009de","not18ab658ed","apda5307056b","not201900c07","apd46c25187e"],"locale":"he","version":"10.12","source_schema":"apd-schema","enable_tracking":false,"platform":"mac","build_date":"2016.07.22-02:24:52","landing":"notb058cadd2","product":"notes","urls":{},"copyright":"","show_previous_next":false,"topics":{"not9474646a9":{"name":"כתיבה ועריכה של פתקים"},"not95edd2813":{"name":"צירוף תמונות, קישורים ועוד"},"not18ab658ed":{"name":"חיפוש פתקים"},"not28c5f5468":{"name":"נעילת הפתקים שלך."},"notb058cadd2":{"name":"עזרה בנושא ״פתקים״","href":"notb058cadd2.html","categories":["landing"]},"apd97da26aed":{"name":"העדפות ״פתקים״"},"not0da5d6ebe":{"name":"סקירת היישום ״פתקים״"},"not85d6f7b58":{"name":"הגדרת חשבונות ״פתקים״"},"apdef7f74190":{"name":"סימון קבצים מצורפים"},"apda5307056b":{"name":"שיתוף והוספת אנשים לפתקים"},"not76f984492":{"name":"שדרוג פתקי iCloud","categories":["aside"]},"apd46c25187e":{"name":"קיצורי מקשים"},"not201900c07":{"name":"ייבוא או ייצוא של פתקים"},"not5585d71a8":{"name":"מחיקת פתק"},"notc3b2d538b":{"name":"ארגון פתקים לפי תיקיות"},"notd8d219459":{"name":"בנושא הגדרת הסיסמה"},"apd2acf65a94":{"name":"בחירת פריטים","categories":["aside"]},"apd9f13cff83":{"name":"פתקים המאוחסנים ב-Mac.","categories":["aside"]}},"copyright_text":"‏© 2016 Apple בע״מ. כל הזכויות שמורות."}