{"css":"","framework":"duck-10.1.0","title":"Notes Help","build_id":"5773f5c4094622d14703c244","quick_links":[],"icon":"..\/SharedGlobalArt\/AppIconDefault_Notes.png","sections":{"apdbc92ac84c":{"name":"Write notes","children":["not9474646a9","not95edd2813"]},"apd95c0009de":{"name":"Organize your notes","children":["notc3b2d538b","not5585d71a8"]}},"birdseed_version":5,"toc":["not0da5d6ebe","not85d6f7b58","apdbc92ac84c","not28c5f5468","apd95c0009de","not18ab658ed","apda5307056b","not201900c07","apd46c25187e"],"locale":"en","version":"10.12","source_schema":"apd-schema","enable_tracking":false,"collect_feedback":true,"platform":"mac","build_date":"2016.06.29-09:25:56","landing":"notb058cadd2","product":"notes","urls":{},"copyright":"","show_previous_next":false,"topics":{"not9474646a9":{"name":"Write and edit notes"},"not95edd2813":{"name":"Attach photos, links, and more"},"not18ab658ed":{"name":"Search for notes"},"not28c5f5468":{"name":"Lock your notes"},"notb058cadd2":{"name":"Notes Help","href":"notb058cadd2.html","categories":["landing"]},"apd97da26aed":{"name":"Notes preferences"},"not0da5d6ebe":{"name":"Notes overview"},"not85d6f7b58":{"name":"Set up your notes accounts"},"apdef7f74190":{"name":"Mark up attachments"},"apda5307056b":{"name":"Share and add people to notes"},"not76f984492":{"name":"Upgrade your iCloud notes","categories":["aside"]},"apd46c25187e":{"name":"Keyboard shortcuts"},"not201900c07":{"name":"Import or export notes"},"not5585d71a8":{"name":"Delete a note"},"notc3b2d538b":{"name":"Organize notes in folders"},"notd8d219459":{"name":"About Setting the Password"},"apd2acf65a94":{"name":"select items","categories":["aside"]},"apd9f13cff83":{"name":"notes stored on your Mac","categories":["aside"]}},"copyright_text":"Copyright © 2016 Apple Inc. All rights reserved."}