{"css":"","framework":"duck-10.1.0","title":"메모 도움말","build_id":"5791aca2094622515e5e71d1","quick_links":[],"icon":"..\/SharedGlobalArt\/AppIconDefault_Notes.png","sections":{"apdbc92ac84c":{"name":"메모 쓰기","children":["not9474646a9","not95edd2813"]},"apd95c0009de":{"name":"메모 구성하기","children":["notc3b2d538b","not5585d71a8"]}},"birdseed_version":5,"toc":["not0da5d6ebe","not85d6f7b58","apdbc92ac84c","not28c5f5468","apd95c0009de","not18ab658ed","apda5307056b","not201900c07","apd46c25187e"],"locale":"ko","version":"10.12","source_schema":"apd-schema","enable_tracking":false,"platform":"mac","build_date":"2016.07.22-01:49:32","landing":"notb058cadd2","product":"notes","urls":{},"copyright":"","show_previous_next":false,"topics":{"not9474646a9":{"name":"메모 쓰기 및 편집하기"},"not95edd2813":{"name":"사진, 링크 등 첨부하기"},"not18ab658ed":{"name":"메모 검색하기"},"not28c5f5468":{"name":"메모 잠그기"},"notb058cadd2":{"name":"메모 도움말","href":"notb058cadd2.html","categories":["landing"]},"apd97da26aed":{"name":"메모 환경설정"},"not0da5d6ebe":{"name":"메모 개요"},"not85d6f7b58":{"name":"메모 계정 설정하기"},"apdef7f74190":{"name":"첨부 파일 수정하기"},"apda5307056b":{"name":"메모에 사람 공유 및 추가하기"},"not76f984492":{"name":"iCloud 메모 업그레이드하기","categories":["aside"]},"apd46c25187e":{"name":"키보드 단축키"},"not201900c07":{"name":"메모 가져오기 또는 보내기"},"not5585d71a8":{"name":"메모 삭제하기"},"notc3b2d538b":{"name":"메모를 폴더로 구성하기"},"notd8d219459":{"name":"암호 설정에 관하여"},"apd2acf65a94":{"name":"항목 선택하기","categories":["aside"]},"apd9f13cff83":{"name":"Mac에 저장된 메모","categories":["aside"]}},"copyright_text":"Copyright © 2016 Apple Inc. 모든 권리 보유."}