{"css":"","framework":"duck-10.1.0","title":"Bantuan Catatan","build_id":"5791aca6094622515e5e71f4","quick_links":[],"icon":"..\/SharedGlobalArt\/AppIconDefault_Notes.png","sections":{"apdbc92ac84c":{"name":"Menulis catatan","children":["not9474646a9","not95edd2813"]},"apd95c0009de":{"name":"Mengatur catatan Anda","children":["notc3b2d538b","not5585d71a8"]}},"birdseed_version":5,"toc":["not0da5d6ebe","not85d6f7b58","apdbc92ac84c","not28c5f5468","apd95c0009de","not18ab658ed","apda5307056b","not201900c07","apd46c25187e"],"locale":"id","version":"10.12","source_schema":"apd-schema","enable_tracking":false,"platform":"mac","build_date":"2016.07.22-02:44:14","landing":"notb058cadd2","product":"notes","urls":{},"copyright":"","show_previous_next":false,"topics":{"not9474646a9":{"name":"Menulis dan mengedit catatan"},"not95edd2813":{"name":"Melampirkan foto, tautan dan lainnya"},"not18ab658ed":{"name":"Mencari catatan"},"not28c5f5468":{"name":"Mengunci catatan"},"notb058cadd2":{"name":"Bantuan Catatan","href":"notb058cadd2.html","categories":["landing"]},"apd97da26aed":{"name":"Preferensi catatan"},"not0da5d6ebe":{"name":"Tinjauan Catatan"},"not85d6f7b58":{"name":"Mengatur akun catatan Anda"},"apdef7f74190":{"name":"Memperbanyak lampiran"},"apda5307056b":{"name":"Membagikan dan menambahkan orang ke catatan"},"not76f984492":{"name":"Tingkatkan catatan iCloud Anda","categories":["aside"]},"apd46c25187e":{"name":"Pintasan papan ketik"},"not201900c07":{"name":"Mengimpor atau mengekspor catatan"},"not5585d71a8":{"name":"Menghapus catatan"},"notc3b2d538b":{"name":"Mengatur catatan di dalam folder"},"notd8d219459":{"name":"Mengenai Pengaturan Kata Sandi"},"apd2acf65a94":{"name":"memilih Item","categories":["aside"]},"apd9f13cff83":{"name":"catatan yang disimpan di Mac Anda","categories":["aside"]}},"copyright_text":"Hak Cipta © 2016 Apple Inc. Semua hak cipta dilindungi undang-undang."}