{"css":"","framework":"duck-10.1.0","title":"Bantuan Nota","build_id":"5794f205094622486d895cd3","quick_links":[],"icon":"..\/SharedGlobalArt\/AppIconDefault_Notes.png","sections":{"apdbc92ac84c":{"name":"Tulis nota","children":["not9474646a9","not95edd2813"]},"apd95c0009de":{"name":"Atur nota anda","children":["notc3b2d538b","not5585d71a8"]}},"birdseed_version":5,"toc":["not0da5d6ebe","not85d6f7b58","apdbc92ac84c","not28c5f5468","apd95c0009de","not18ab658ed","apda5307056b","not201900c07","apd46c25187e"],"locale":"ms","version":"10.12","source_schema":"apd-schema","enable_tracking":false,"platform":"mac","build_date":"2016.07.24-09:55:55","landing":"notb058cadd2","product":"notes","urls":{},"copyright":"","show_previous_next":false,"topics":{"not9474646a9":{"name":"Tulis dan edit nota"},"not95edd2813":{"name":"Lampirkan foto, pautan dan selanjutnya"},"not18ab658ed":{"name":"Cari nota"},"not28c5f5468":{"name":"Kunci nota anda"},"notb058cadd2":{"name":"Bantuan Nota","href":"notb058cadd2.html","categories":["landing"]},"apd97da26aed":{"name":"Keutamaan Nota"},"not0da5d6ebe":{"name":"Gambaran keseluruhan Nota"},"not85d6f7b58":{"name":"Sediakan akaun nota anda"},"apdef7f74190":{"name":"Tandakan lampiran"},"apda5307056b":{"name":"Kongsi dan tambah orang ke nota"},"not76f984492":{"name":"Naik taraf nota iCloud anda","categories":["aside"]},"apd46c25187e":{"name":"Pintasan papan kekunci"},"not201900c07":{"name":"Import atau eksport nota"},"not5585d71a8":{"name":"Padam nota"},"notc3b2d538b":{"name":"Mengatur nota dalam folder"},"notd8d219459":{"name":"Perihal Mengeset Kata Laluan"},"apd2acf65a94":{"name":"pilih item","categories":["aside"]},"apd9f13cff83":{"name":"nota disimpan pada Mac anda","categories":["aside"]}},"copyright_text":"Hak Cipta © 2016 Apple Inc. Hak cipta terpelihara."}