{"css":"","framework":"duck-10.1.0","title":"Hjelp for Notater","build_id":"5791aca2094622515e5e71ca","quick_links":[],"icon":"..\/SharedGlobalArt\/AppIconDefault_Notes.png","sections":{"apdbc92ac84c":{"name":"Skriv notater","children":["not9474646a9","not95edd2813"]},"apd95c0009de":{"name":"Organiser notater","children":["notc3b2d538b","not5585d71a8"]}},"birdseed_version":5,"toc":["not0da5d6ebe","not85d6f7b58","apdbc92ac84c","not28c5f5468","apd95c0009de","not18ab658ed","apda5307056b","not201900c07","apd46c25187e"],"locale":"nb","version":"10.12","source_schema":"apd-schema","enable_tracking":false,"platform":"mac","build_date":"2016.07.22-02:40:38","landing":"notb058cadd2","product":"notes","urls":{},"copyright":"","show_previous_next":false,"topics":{"not9474646a9":{"name":"Skriv og rediger notater"},"not95edd2813":{"name":"Legg ved bilder, koblinger og annet"},"not18ab658ed":{"name":"Søk etter notater"},"not28c5f5468":{"name":"Lås notater"},"notb058cadd2":{"name":"Hjelp for Notater","href":"notb058cadd2.html","categories":["landing"]},"apd97da26aed":{"name":"Notater-valg"},"not0da5d6ebe":{"name":"Oversikt over Notater"},"not85d6f7b58":{"name":"Konfigurer Notater-kontoer"},"apdef7f74190":{"name":"Lag merknader i vedlegg"},"apda5307056b":{"name":"Del og legg til personer i notater"},"not76f984492":{"name":"Oppgrader iCloud-notatene","categories":["aside"]},"apd46c25187e":{"name":"Tastatursnarveier"},"not201900c07":{"name":"Importer eller eksporter notater"},"not5585d71a8":{"name":"Slett et notat"},"notc3b2d538b":{"name":"Organiser notater i mapper"},"notd8d219459":{"name":"Om bruk av passord"},"apd2acf65a94":{"name":"marker objekter","categories":["aside"]},"apd9f13cff83":{"name":"notater lagret på Macen","categories":["aside"]}},"copyright_text":"Copyright © 2016 Apple Inc. Alle rettigheter forbeholdes."}