{"css":"","framework":"duck-10.1.0","title":"Ayuda de Notas","build_id":"5791acab094622515e5e7225","quick_links":[],"icon":"..\/SharedGlobalArt\/AppIconDefault_Notes.png","sections":{"apdbc92ac84c":{"name":"Escribir notas","children":["not9474646a9","not95edd2813"]},"apd95c0009de":{"name":"Organizar notas","children":["notc3b2d538b","not5585d71a8"]}},"birdseed_version":5,"toc":["not0da5d6ebe","not85d6f7b58","apdbc92ac84c","not28c5f5468","apd95c0009de","not18ab658ed","apda5307056b","not201900c07","apd46c25187e"],"locale":"es-mx","version":"10.12","source_schema":"apd-schema","enable_tracking":false,"platform":"mac","build_date":"2016.07.22-02:35:50","landing":"notb058cadd2","product":"notes","urls":{},"copyright":"","show_previous_next":false,"topics":{"not9474646a9":{"name":"Escribir y editar notas"},"not95edd2813":{"name":"Adjuntar fotos, enlaces y más"},"not18ab658ed":{"name":"Buscar notas"},"not28c5f5468":{"name":"Bloquear notas"},"notb058cadd2":{"name":"Ayuda de Notas","href":"notb058cadd2.html","categories":["landing"]},"apd97da26aed":{"name":"Panel de preferencias de Notas"},"not0da5d6ebe":{"name":"Visión general de Notas"},"not85d6f7b58":{"name":"Configurar sus cuentas de notas"},"apdef7f74190":{"name":"Marcar archivos adjuntos"},"apda5307056b":{"name":"Compartir y agregar personas a notas"},"not76f984492":{"name":"Actualizar las notas de iCloud","categories":["aside"]},"apd46c25187e":{"name":"Funciones rápidas de teclado"},"not201900c07":{"name":"Importar o exportar notas"},"not5585d71a8":{"name":"Eliminar una nota"},"notc3b2d538b":{"name":"Organizar notas en carpetas"},"notd8d219459":{"name":"Acerca del restablecimiento de la contraseña"},"apd2acf65a94":{"name":"seleccionar elementos","categories":["aside"]},"apd9f13cff83":{"name":"notas almacenadas en la Mac","categories":["aside"]}},"copyright_text":"Copyright © 2016 Apple Inc. Todos los derechos reservados."}