{"css":"","framework":"duck-10.1.0","title":"备忘录帮助","build_id":"5791aca9094622515e5e7210","quick_links":[],"icon":"..\/SharedGlobalArt\/AppIconDefault_Notes.png","sections":{"apdbc92ac84c":{"name":"撰写备忘录","children":["not9474646a9","not95edd2813"]},"apd95c0009de":{"name":"整理备忘录","children":["notc3b2d538b","not5585d71a8"]}},"birdseed_version":5,"toc":["not0da5d6ebe","not85d6f7b58","apdbc92ac84c","not28c5f5468","apd95c0009de","not18ab658ed","apda5307056b","not201900c07","apd46c25187e"],"locale":"zh-cn","version":"10.12","source_schema":"apd-schema","enable_tracking":false,"platform":"mac","build_date":"2016.07.22-02:32:59","landing":"notb058cadd2","product":"notes","urls":{},"copyright":"","show_previous_next":false,"topics":{"not9474646a9":{"name":"撰写和编辑备忘录"},"not95edd2813":{"name":"附加照片、链接等内容"},"not18ab658ed":{"name":"搜索备忘录"},"not28c5f5468":{"name":"锁定备忘录"},"notb058cadd2":{"name":"备忘录帮助","href":"notb058cadd2.html","categories":["landing"]},"apd97da26aed":{"name":"备忘录偏好设置"},"not0da5d6ebe":{"name":"备忘录概述"},"not85d6f7b58":{"name":"设置备忘录帐户"},"apdef7f74190":{"name":"标记附件"},"apda5307056b":{"name":"共享并将联系人添加到备忘录"},"not76f984492":{"name":"升级您的 iCloud 备忘录","categories":["aside"]},"apd46c25187e":{"name":"键盘快捷键"},"not201900c07":{"name":"导入或导出备忘录"},"not5585d71a8":{"name":"删除备忘录"},"notc3b2d538b":{"name":"以文件夹形式整理备忘录"},"notd8d219459":{"name":"关于设定密码"},"apd2acf65a94":{"name":"选择项目","categories":["aside"]},"apd9f13cff83":{"name":"Mac 上储存的备忘录","categories":["aside"]}},"copyright_text":"Copyright © 2016 Apple Inc. 保留一切权利。"}