{"css":"","framework":"duck-10.1.0","title":"Notizen-Hilfe","build_id":"5791aca0094622515e5e71bc","quick_links":[],"icon":"..\/SharedGlobalArt\/AppIconDefault_Notes.png","sections":{"apdbc92ac84c":{"name":"Erstellen von Notizen","children":["not9474646a9","not95edd2813"]},"apd95c0009de":{"name":"Verwalten von Notizen","children":["notc3b2d538b","not5585d71a8"]}},"birdseed_version":5,"toc":["not0da5d6ebe","not85d6f7b58","apdbc92ac84c","not28c5f5468","apd95c0009de","not18ab658ed","apda5307056b","not201900c07","apd46c25187e"],"locale":"de","version":"10.12","source_schema":"apd-schema","enable_tracking":false,"platform":"mac","build_date":"2016.07.22-01:38:42","landing":"notb058cadd2","product":"notes","urls":{},"copyright":"","show_previous_next":false,"topics":{"not9474646a9":{"name":"Schreiben und Bearbeiten von Notizen"},"not95edd2813":{"name":"Fotos, Links und mehr anhängen"},"not18ab658ed":{"name":"Notizen suchen"},"not28c5f5468":{"name":"Schützen von Notizen"},"notb058cadd2":{"name":"Notizen-Hilfe","href":"notb058cadd2.html","categories":["landing"]},"apd97da26aed":{"name":"Notizen-Einstellungen"},"not0da5d6ebe":{"name":"Notizen – Übersicht"},"not85d6f7b58":{"name":"Einrichten des Notizen-Accounts"},"apdef7f74190":{"name":"Hinzufügen und Kennzeichnen von Anhängen"},"apda5307056b":{"name":"Teilen von Notizen und Hinzufügen von Personen zur App „Notizen“"},"not76f984492":{"name":"iCloud-Notizen aktualisieren","categories":["aside"]},"apd46c25187e":{"name":"Kurzbefehle"},"not201900c07":{"name":"Importieren oder Exportieren von Notizen"},"not5585d71a8":{"name":"Notiz löschen"},"notc3b2d538b":{"name":"Notizen in Ordnern zusammenfassen"},"notd8d219459":{"name":"Festlegen des Passworts"},"apd2acf65a94":{"name":"Auswählen von Objekten","categories":["aside"]},"apd9f13cff83":{"name":"Auf dem Mac gesicherten Notizen","categories":["aside"]}},"copyright_text":"Copyright © 2016 Apple Inc. Alle Rechte vorbehalten."}