{"css":"","framework":"duck-10.1.0","title":"Pomoć za Bilješke","build_id":"5791ac9e094622515e5e71a7","quick_links":[],"icon":"..\/SharedGlobalArt\/AppIconDefault_Notes.png","sections":{"apdbc92ac84c":{"name":"Pisanje bilješki","children":["not9474646a9","not95edd2813"]},"apd95c0009de":{"name":"Organiziranje bilješki","children":["notc3b2d538b","not5585d71a8"]}},"birdseed_version":5,"toc":["not0da5d6ebe","not85d6f7b58","apdbc92ac84c","not28c5f5468","apd95c0009de","not18ab658ed","apda5307056b","not201900c07","apd46c25187e"],"locale":"hr","version":"10.12","source_schema":"apd-schema","enable_tracking":false,"platform":"mac","build_date":"2016.07.22-02:37:00","landing":"notb058cadd2","product":"notes","urls":{},"copyright":"","show_previous_next":false,"topics":{"not9474646a9":{"name":"Pisanje i uređivanje bilješki"},"not95edd2813":{"name":"Prilaganje fotografija, linkova i ostaloga"},"not18ab658ed":{"name":"Traži bilješke"},"not28c5f5468":{"name":"Zaključajte svoje bilješke"},"notb058cadd2":{"name":"Pomoć za Bilješke","href":"notb058cadd2.html","categories":["landing"]},"apd97da26aed":{"name":"Postavke Bilješki"},"not0da5d6ebe":{"name":"Pregled aplikacije Bilješke"},"not85d6f7b58":{"name":"Podešavanje vaših računa bilješki"},"apdef7f74190":{"name":"Označavanje privitaka"},"apda5307056b":{"name":"Dijeljenje i dodavanje osoba u bilješke"},"not76f984492":{"name":"Nadogradite svoje iCloud bilješke","categories":["aside"]},"apd46c25187e":{"name":"Prečaci tipkovnice"},"not201900c07":{"name":"Importiranje ili eksportiranje bilješki"},"not5585d71a8":{"name":"Brisanje bilješke"},"notc3b2d538b":{"name":"Bilješke organizirajte u mape"},"notd8d219459":{"name":"Više o Postavljanju lozinke"},"apd2acf65a94":{"name":"odaberi stavke","categories":["aside"]},"apd9f13cff83":{"name":"bilješke pohranjene na vašem Macu","categories":["aside"]}},"copyright_text":"Autorsko pravo © 2016 Apple Inc. Sva prava pridržana."}