{"css":"","framework":"duck-10.1.0","title":"Ajuda Notas","build_id":"5791acaa094622515e5e721e","quick_links":[],"icon":"..\/SharedGlobalArt\/AppIconDefault_Notes.png","sections":{"apdbc92ac84c":{"name":"Escreva notas","children":["not9474646a9","not95edd2813"]},"apd95c0009de":{"name":"Organizar suas notas","children":["notc3b2d538b","not5585d71a8"]}},"birdseed_version":5,"toc":["not0da5d6ebe","not85d6f7b58","apdbc92ac84c","not28c5f5468","apd95c0009de","not18ab658ed","apda5307056b","not201900c07","apd46c25187e"],"locale":"pt-br","version":"10.12","source_schema":"apd-schema","enable_tracking":false,"platform":"mac","build_date":"2016.07.22-02:44:04","landing":"notb058cadd2","product":"notes","urls":{},"copyright":"","show_previous_next":false,"topics":{"not9474646a9":{"name":"Escrever e editar notas"},"not95edd2813":{"name":"Anexe fotos, links e muito mais"},"not18ab658ed":{"name":"Busque notas"},"not28c5f5468":{"name":"Bloquear suas notas"},"notb058cadd2":{"name":"Ajuda Notas","href":"notb058cadd2.html","categories":["landing"]},"apd97da26aed":{"name":"Preferências do Notas"},"not0da5d6ebe":{"name":"Visão geral de Notas"},"not85d6f7b58":{"name":"Configurar suas contas do Notas"},"apdef7f74190":{"name":"Marque anexos"},"apda5307056b":{"name":"Compartilhar e adicionar pessoas a notas"},"not76f984492":{"name":"Atualizar suas notas do iCloud","categories":["aside"]},"apd46c25187e":{"name":"Atalhos de teclado"},"not201900c07":{"name":"Importar ou exportar notas"},"not5585d71a8":{"name":"Apagar uma nota"},"notc3b2d538b":{"name":"Organize notas em das pastas"},"notd8d219459":{"name":"Sobre a Definição da Senha"},"apd2acf65a94":{"name":"selecionar itens","categories":["aside"]},"apd9f13cff83":{"name":"não armazenadas em seu Mac","categories":["aside"]}},"copyright_text":"Copyright © 2016 Apple Inc. Todos os direitos reservados."}