{"css":"","framework":"duck-10.1.0","title":"A Jegyzetek súgója","build_id":"5791ac99094622515e5e717d","quick_links":[],"icon":"..\/SharedGlobalArt\/AppIconDefault_Notes.png","sections":{"apdbc92ac84c":{"name":"Jegyzetek írása","children":["not9474646a9","not95edd2813"]},"apd95c0009de":{"name":"Jegyzetek rendszerezése","children":["notc3b2d538b","not5585d71a8"]}},"birdseed_version":5,"toc":["not0da5d6ebe","not85d6f7b58","apdbc92ac84c","not28c5f5468","apd95c0009de","not18ab658ed","apda5307056b","not201900c07","apd46c25187e"],"locale":"hu","version":"10.12","source_schema":"apd-schema","enable_tracking":false,"platform":"mac","build_date":"2016.07.22-02:25:49","landing":"notb058cadd2","product":"notes","urls":{},"copyright":"","show_previous_next":false,"topics":{"not9474646a9":{"name":"Jegyzetek írása és szerkesztése"},"not95edd2813":{"name":"Fotók, hivatkozások és továbbiak csatolása"},"not18ab658ed":{"name":"Jegyzetek keresése"},"not28c5f5468":{"name":"Jegyzetek zárolása"},"notb058cadd2":{"name":"A Jegyzetek súgója","href":"notb058cadd2.html","categories":["landing"]},"apd97da26aed":{"name":"A Jegyzetek beállításai"},"not0da5d6ebe":{"name":"A Jegyzetek áttekintése"},"not85d6f7b58":{"name":"Jegyzetfiókok beállítása"},"apdef7f74190":{"name":"Mellékletek megjelölése"},"apda5307056b":{"name":"Jegyzetek megosztása és személyek hozzáadása"},"not76f984492":{"name":"iCloud-jegyzetek frissítése","categories":["aside"]},"apd46c25187e":{"name":"Billentyűparancsok"},"not201900c07":{"name":"Jegyzetek importálása vagy exportálása"},"not5585d71a8":{"name":"Jegyzet törlése"},"notc3b2d538b":{"name":"Jegyzetek mappákba rendezése"},"notd8d219459":{"name":"A jelszó beállításának ismertetése"},"apd2acf65a94":{"name":"elemek kijelölése","categories":["aside"]},"apd9f13cff83":{"name":"a Mac gépen tárolt jegyzetek","categories":["aside"]}},"copyright_text":"Copyright © 2016 Apple Inc. Minden jog fenntartva."}