{"css":"","framework":"duck-10.1.0","title":"Pomocník pre Poznámky","build_id":"5791ac98094622515e5e716f","quick_links":[],"icon":"..\/SharedGlobalArt\/AppIconDefault_Notes.png","sections":{"apdbc92ac84c":{"name":"Písanie poznámok","children":["not9474646a9","not95edd2813"]},"apd95c0009de":{"name":"Usporiadanie poznámok","children":["notc3b2d538b","not5585d71a8"]}},"birdseed_version":5,"toc":["not0da5d6ebe","not85d6f7b58","apdbc92ac84c","not28c5f5468","apd95c0009de","not18ab658ed","apda5307056b","not201900c07","apd46c25187e"],"locale":"sk","version":"10.12","source_schema":"apd-schema","enable_tracking":false,"platform":"mac","build_date":"2016.07.22-02:29:45","landing":"notb058cadd2","product":"notes","urls":{},"copyright":"","show_previous_next":false,"topics":{"not9474646a9":{"name":"Zapisovanie a úprava poznámok"},"not95edd2813":{"name":"Priloženie fotiek, odkazov a ďalšieho obsahu"},"not18ab658ed":{"name":"Vyhľadávanie poznámok"},"not28c5f5468":{"name":"Zamknutie poznámok"},"notb058cadd2":{"name":"Pomocník pre Poznámky","href":"notb058cadd2.html","categories":["landing"]},"apd97da26aed":{"name":"Nastavenia poznámok"},"not0da5d6ebe":{"name":"Prehľad aplikácie Poznámky"},"not85d6f7b58":{"name":"Nastavenie účtov aplikácie Poznámky"},"apdef7f74190":{"name":"Označovanie príloh"},"apda5307056b":{"name":"Zdieľanie a pridávanie ľudí k poznámkam"},"not76f984492":{"name":"Upgradovanie poznámok v iCloude","categories":["aside"]},"apd46c25187e":{"name":"Klávesové skratky"},"not201900c07":{"name":"Importovanie alebo exportovanie poznámok"},"not5585d71a8":{"name":"Vymazanie poznámky"},"notc3b2d538b":{"name":"Usporiadanie poznámok do priečinkov"},"notd8d219459":{"name":"O nastavovaní hesla"},"apd2acf65a94":{"name":"výber položiek","categories":["aside"]},"apd9f13cff83":{"name":"poznámky uložené na Macu","categories":["aside"]}},"copyright_text":"Copyright © 2016 Apple Inc. Všetky práva vyhradené."}