{"css":"","framework":"duck-10.1.0","title":"Notlar Yardım","build_id":"5791ac9f094622515e5e71ae","quick_links":[],"icon":"..\/SharedGlobalArt\/AppIconDefault_Notes.png","sections":{"apdbc92ac84c":{"name":"Not yazma","children":["not9474646a9","not95edd2813"]},"apd95c0009de":{"name":"Notlarınızı düzenleme","children":["notc3b2d538b","not5585d71a8"]}},"birdseed_version":5,"toc":["not0da5d6ebe","not85d6f7b58","apdbc92ac84c","not28c5f5468","apd95c0009de","not18ab658ed","apda5307056b","not201900c07","apd46c25187e"],"locale":"tr","version":"10.12","source_schema":"apd-schema","enable_tracking":false,"platform":"mac","build_date":"2016.07.22-02:33:06","landing":"notb058cadd2","product":"notes","urls":{},"copyright":"","show_previous_next":false,"topics":{"not9474646a9":{"name":"Not yazma ve düzenleme"},"not95edd2813":{"name":"Fotoğraflar, bağlantılar ve daha fazlasını iliştirme"},"not18ab658ed":{"name":"Notları arama"},"not28c5f5468":{"name":"Notlarınızı kilitleme"},"notb058cadd2":{"name":"Notlar Yardım","href":"notb058cadd2.html","categories":["landing"]},"apd97da26aed":{"name":"Not tercihleri"},"not0da5d6ebe":{"name":"Notlar’a genel bakış"},"not85d6f7b58":{"name":"Notlar hesaplarınızı ayarlama"},"apdef7f74190":{"name":"İlişikleri işaretleme"},"apda5307056b":{"name":"Notlara kişi paylaşma veya ekleme"},"not76f984492":{"name":"iCloud notlarınızı yükseltme","categories":["aside"]},"apd46c25187e":{"name":"Klavye kestirmeleri"},"not201900c07":{"name":"Notları içe veya dışa aktarma"},"not5585d71a8":{"name":"Not silme"},"notc3b2d538b":{"name":"Notları klasörlerde düzenleme"},"notd8d219459":{"name":"Parola Ayarlama Hakkında"},"apd2acf65a94":{"name":"öğe seçme","categories":["aside"]},"apd9f13cff83":{"name":"Mac'inizde saklanan notlar","categories":["aside"]}},"copyright_text":"Copyright © 2016 Apple Inc. Tüm hakları saklıdır."}