{"css":"","framework":"duck-10.1.0","title":"Muistiinpanot-ohje","build_id":"5791ac9c094622515e5e7199","quick_links":[],"icon":"..\/SharedGlobalArt\/AppIconDefault_Notes.png","sections":{"apdbc92ac84c":{"name":"Muistiinpanojen kirjoittaminen","children":["not9474646a9","not95edd2813"]},"apd95c0009de":{"name":"Muistiinpanojen järjesteleminen","children":["notc3b2d538b","not5585d71a8"]}},"birdseed_version":5,"toc":["not0da5d6ebe","not85d6f7b58","apdbc92ac84c","not28c5f5468","apd95c0009de","not18ab658ed","apda5307056b","not201900c07","apd46c25187e"],"locale":"fi","version":"10.12","source_schema":"apd-schema","enable_tracking":false,"platform":"mac","build_date":"2016.07.22-01:35:04","landing":"notb058cadd2","product":"notes","urls":{},"copyright":"","show_previous_next":false,"topics":{"not9474646a9":{"name":"Muistiinpanojen kirjoittaminen ja muokkaaminen"},"not95edd2813":{"name":"Kuvien, linkkien ja muun lisääminen"},"not18ab658ed":{"name":"Muistiinpanojen etsiminen"},"not28c5f5468":{"name":"Muistiinpanojen lukitseminen"},"notb058cadd2":{"name":"Muistiinpanot-ohje","href":"notb058cadd2.html","categories":["landing"]},"apd97da26aed":{"name":"Muistiinpanot-asetukset"},"not0da5d6ebe":{"name":"Muistiinpanot-ohjelman yleiskatsaus"},"not85d6f7b58":{"name":"Muistiinpanot-tilien käyttöönottaminen"},"apdef7f74190":{"name":"Merkintöjen lisääminen liitteisiin"},"apda5307056b":{"name":"Muistiinpanojen jakaminen ja henkilöiden lisääminen niihin"},"not76f984492":{"name":"Päivitä iCloud-muistiinpanot","categories":["aside"]},"apd46c25187e":{"name":"Näppäinoikotiet"},"not201900c07":{"name":"Muistiinpanojen tuominen tai vieminen"},"not5585d71a8":{"name":"Muistiinpanon poistaminen"},"notc3b2d538b":{"name":"Muistiinpanojen järjestäminen kansioihin"},"notd8d219459":{"name":"Salasanan asettamisesta"},"apd2acf65a94":{"name":"valitse kohteet","categories":["aside"]},"apd9f13cff83":{"name":"Macilla tallennetut muistiinpanot","categories":["aside"]}},"copyright_text":"Copyright © 2016 Apple Inc. Kaikki oikeudet pidätetään."}